{
    "name": "countries_dataflow",
    "properties": {
        "type": "MappingDataFlow",
        "typeProperties": {
            "sources": [
                {
                    "dataset": {
                        "referenceName": "azuresql_country_copy1",
                        "type": "DatasetReference"
                    },
                    "name": "countrysource"
                }
            ],
            "sinks": [
                {
                    "dataset": {
                        "referenceName": "geography_parquet",
                        "type": "DatasetReference"
                    },
                    "name": "countrysink",
                    "rejectedDataLinkedService": {
                        "referenceName": "challenge2",
                        "type": "LinkedServiceReference"
                    }
                }
            ],
            "transformations": [],
            "scriptLines": [
                "source(output(",
                "          Country as string,",
                "          CountryCode as string,",
                "          Latitude as decimal(10,5),",
                "          Longitude as decimal(10,5)",
                "     ),",
                "     allowSchemaDrift: true,",
                "     validateSchema: false,",
                "     ignoreNoFilesFound: false,",
                "     format: 'parquet') ~> countrysource",
                "countrysource sink(allowSchemaDrift: true,",
                "     validateSchema: false,",
                "     format: 'parquet',",
                "     partitionFileNames:['geography.parquet'],",
                "     umask: 0022,",
                "     preCommands: [],",
                "     postCommands: [],",
                "     skipDuplicateMapInputs: true,",
                "     skipDuplicateMapOutputs: true,",
                "     partitionBy('hash', 1)) ~> countrysink"
            ]
        }
    }
}