{
    "name": "covid19metrics_dataflow",
    "properties": {
        "type": "MappingDataFlow",
        "typeProperties": {
            "sources": [
                {
                    "dataset": {
                        "referenceName": "azuresql_covid19metrics",
                        "type": "DatasetReference"
                    },
                    "name": "azurecovid19metricsdataflow"
                },
                {
                    "dataset": {
                        "referenceName": "sqlserver_covid19metrics",
                        "type": "DatasetReference"
                    },
                    "name": "sqlcovid19metricsdataflow"
                }
            ],
            "sinks": [
                {
                    "dataset": {
                        "referenceName": "cases_parquet",
                        "type": "DatasetReference"
                    },
                    "name": "sinkcases",
                    "rejectedDataLinkedService": {
                        "referenceName": "challenge2",
                        "type": "LinkedServiceReference"
                    }
                },
                {
                    "dataset": {
                        "referenceName": "recoveries_parquet",
                        "type": "DatasetReference"
                    },
                    "name": "sinkrecoveries",
                    "rejectedDataLinkedService": {
                        "referenceName": "challenge2",
                        "type": "LinkedServiceReference"
                    }
                },
                {
                    "dataset": {
                        "referenceName": "deaths_parquet",
                        "type": "DatasetReference"
                    },
                    "name": "sinkdeaths",
                    "rejectedDataLinkedService": {
                        "referenceName": "challenge2",
                        "type": "LinkedServiceReference"
                    }
                }
            ],
            "transformations": [
                {
                    "name": "union"
                },
                {
                    "name": "selectcases"
                },
                {
                    "name": "selectrecoveries"
                },
                {
                    "name": "selectdeaths"
                },
                {
                    "name": "derivedcolumndeaths"
                },
                {
                    "name": "derivedcolumnrecoveries"
                },
                {
                    "name": "derivedcolumncases"
                }
            ],
            "scriptLines": [
                "source(output(",
                "          ID as integer,",
                "          Updated as date,",
                "          Confirmed as integer,",
                "          Confirmed_Change as integer,",
                "          Deaths as integer,",
                "          Deaths_Change as integer,",
                "          Recovered as integer,",
                "          Recovered_Change as integer,",
                "          Latitude as decimal(10,5),",
                "          Longitude as decimal(10,5),",
                "          ISO2 as string,",
                "          ISO3 as string,",
                "          Country_Region as string,",
                "          load_time as timestamp",
                "     ),",
                "     allowSchemaDrift: true,",
                "     validateSchema: false,",
                "     ignoreNoFilesFound: false,",
                "     format: 'parquet') ~> azurecovid19metricsdataflow",
                "source(output(",
                "          ID as integer,",
                "          Updated as date,",
                "          Confirmed as integer,",
                "          Confirmed_Change as integer,",
                "          Deaths as integer,",
                "          Deaths_Change as integer,",
                "          Recovered as integer,",
                "          Recovered_Change as integer,",
                "          Latitude as decimal(10,5),",
                "          Longitude as decimal(10,5),",
                "          ISO2 as string,",
                "          ISO3 as string,",
                "          Country_Region as string,",
                "          load_time as timestamp",
                "     ),",
                "     allowSchemaDrift: true,",
                "     validateSchema: false,",
                "     ignoreNoFilesFound: false,",
                "     format: 'parquet') ~> sqlcovid19metricsdataflow",
                "azurecovid19metricsdataflow, sqlcovid19metricsdataflow union(byName: true)~> union",
                "union select(mapColumn(",
                "          ID,",
                "          Updated,",
                "          Confirmed,",
                "          Confirmed_Change,",
                "          Latitude,",
                "          Longitude,",
                "          ISO2,",
                "          ISO3,",
                "          Country_Region,",
                "          load_time",
                "     ),",
                "     skipDuplicateMapInputs: true,",
                "     skipDuplicateMapOutputs: true) ~> selectcases",
                "union select(mapColumn(",
                "          ID,",
                "          Updated,",
                "          Recovered,",
                "          Recovered_Change,",
                "          Latitude,",
                "          Longitude,",
                "          ISO2,",
                "          ISO3,",
                "          Country_Region,",
                "          load_time",
                "     ),",
                "     skipDuplicateMapInputs: true,",
                "     skipDuplicateMapOutputs: true) ~> selectrecoveries",
                "union select(mapColumn(",
                "          ID,",
                "          Updated,",
                "          Death = Deaths,",
                "          Deaths_Change,",
                "          Latitude,",
                "          Longitude,",
                "          ISO2,",
                "          ISO3,",
                "          Country_Region,",
                "          load_time",
                "     ),",
                "     skipDuplicateMapInputs: true,",
                "     skipDuplicateMapOutputs: true) ~> selectdeaths",
                "selectdeaths derive(SID = concat(toString(Updated), ISO3)) ~> derivedcolumndeaths",
                "selectrecoveries derive(SID = concat(toString(Updated), ISO3)) ~> derivedcolumnrecoveries",
                "selectcases derive(SID = concat(toString(Updated), ISO3)) ~> derivedcolumncases",
                "derivedcolumncases sink(allowSchemaDrift: true,",
                "     validateSchema: false,",
                "     input(",
                "          CountryName as string,",
                "          CountryCode as string,",
                "          RegionName as string,",
                "          RegionCode as string,",
                "          Jurisdiction as string,",
                "          Date as timestamp,",
                "          C1_School_closing as long,",
                "          C1_Flag as double,",
                "          C2_Workplace_closing as long,",
                "          C2_Flag as double,",
                "          C3_Cancel_public_events as double,",
                "          C3_Flag as double,",
                "          C4_Restrictions_on_gatherings as double,",
                "          C4_Flag as double,",
                "          C5_Close_public_transport as double,",
                "          C5_Flag as double,",
                "          C6_Stay_at_home_requirements as double,",
                "          C6_Flag as double,",
                "          C7_Restrictions_on_internal_movement as double,",
                "          C7_Flag as double,",
                "          C8_International_travel_controls as double,",
                "          E1_Income_support as long,",
                "          E1_Flag as double,",
                "          E2_Debt_contract_relief as double,",
                "          E3_Fiscal_measures as double,",
                "          E4_International_support as double,",
                "          H1_Public_information_campaigns as double,",
                "          H1_Flag as double,",
                "          H2_Testing_policy as double,",
                "          H3_Contact_tracing as double,",
                "          H4_Emergency_investment_in_healthcare as double,",
                "          H5_Investment_in_vaccines as double,",
                "          H6_Facial_Coverings as double,",
                "          H6_Flag as double,",
                "          H7_Vaccination_policy as double,",
                "          H7_Flag as double,",
                "          H8_Protection_of_elderly_people as double,",
                "          H8_Flag as double,",
                "          M1_Wildcard as double,",
                "          StringencyIndex as double,",
                "          StringencyIndexForDisplay as double,",
                "          StringencyLegacyIndex as double,",
                "          StringencyLegacyIndexForDisplay as double,",
                "          GovernmentResponseIndex as double,",
                "          GovernmentResponseIndexForDisplay as double,",
                "          ContainmentHealthIndex as double,",
                "          ContainmentHealthIndexForDisplay as double,",
                "          EconomicSupportIndex as double,",
                "          EconomicSupportIndexForDisplay as double,",
                "          id as string,",
                "          {_rid} as string,",
                "          {_self} as string,",
                "          {_etag} as string,",
                "          {_attachments} as string,",
                "          {_ts} as long",
                "     ),",
                "     format: 'parquet',",
                "     partitionFileNames:['cases.parquet'],",
                "     umask: 0022,",
                "     preCommands: [],",
                "     postCommands: [],",
                "     skipDuplicateMapInputs: true,",
                "     skipDuplicateMapOutputs: true,",
                "     partitionBy('hash', 1)) ~> sinkcases",
                "derivedcolumnrecoveries sink(allowSchemaDrift: true,",
                "     validateSchema: false,",
                "     format: 'parquet',",
                "     partitionFileNames:['recoveries.parquet'],",
                "     umask: 0022,",
                "     preCommands: [],",
                "     postCommands: [],",
                "     skipDuplicateMapInputs: true,",
                "     skipDuplicateMapOutputs: true,",
                "     partitionBy('hash', 1)) ~> sinkrecoveries",
                "derivedcolumndeaths sink(allowSchemaDrift: true,",
                "     validateSchema: false,",
                "     format: 'parquet',",
                "     partitionFileNames:['deaths.parquet'],",
                "     umask: 0022,",
                "     preCommands: [],",
                "     postCommands: [],",
                "     skipDuplicateMapInputs: true,",
                "     skipDuplicateMapOutputs: true,",
                "     partitionBy('hash', 1)) ~> sinkdeaths"
            ]
        }
    }
}