{
    "name": "datesdataflow",
    "properties": {
        "type": "MappingDataFlow",
        "typeProperties": {
            "sources": [
                {
                    "dataset": {
                        "referenceName": "sqlserver_dates",
                        "type": "DatasetReference"
                    },
                    "name": "datessource"
                }
            ],
            "sinks": [
                {
                    "dataset": {
                        "referenceName": "dates_parquet",
                        "type": "DatasetReference"
                    },
                    "name": "datessink",
                    "rejectedDataLinkedService": {
                        "referenceName": "challenge2",
                        "type": "LinkedServiceReference"
                    }
                }
            ],
            "transformations": [
                {
                    "name": "datesselect"
                }
            ],
            "scriptLines": [
                "source(output(",
                "          Country as string,",
                "          CountryCode as string,",
                "          Latitude as decimal(10,5),",
                "          Longitude as decimal(10,5),",
                "          ID as integer,",
                "          Updated as date,",
                "          Confirmed as integer,",
                "          Confirmed_Change as integer,",
                "          Deaths as integer,",
                "          Deaths_Change as integer,",
                "          Recovered as integer,",
                "          Recovered_Change as integer,",
                "          ISO2 as string,",
                "          ISO3 as string,",
                "          Country_Region as string,",
                "          load_time as timestamp,",
                "          DateKey as integer,",
                "          FullDate as date,",
                "          isWeekDay as boolean,",
                "          DayOfWeek as integer,",
                "          DayOfMonth as integer,",
                "          DayOfQuarter as integer,",
                "          DayOfYear as integer,",
                "          DayName as string,",
                "          WeekOfYear as integer,",
                "          WeekName as string,",
                "          MonthOfYear as integer,",
                "          MonthName as string,",
                "          CalendarQuarter as integer,",
                "          CalendarQuarterName as string,",
                "          CalendarYear as integer,",
                "          FiscalMonth as integer,",
                "          FiscalMonthName as string,",
                "          FiscalQuarter as integer,",
                "          FiscalQuarterName as string,",
                "          FiscalYear as integer",
                "     ),",
                "     allowSchemaDrift: true,",
                "     validateSchema: false,",
                "     ignoreNoFilesFound: false,",
                "     format: 'parquet') ~> datessource",
                "datessource select(mapColumn(",
                "          DateKey,",
                "          FullDate,",
                "          isWeekDay,",
                "          DayOfWeek,",
                "          DayOfMonth,",
                "          DayOfQuarter,",
                "          DayOfYear,",
                "          DayName,",
                "          WeekOfYear,",
                "          WeekName,",
                "          MonthOfYear,",
                "          MonthName,",
                "          CalendarQuarter,",
                "          CalendarQuarterName,",
                "          CalendarYear,",
                "          FiscalMonth,",
                "          FiscalMonthName,",
                "          FiscalQuarter,",
                "          FiscalQuarterName,",
                "          FiscalYear",
                "     ),",
                "     skipDuplicateMapInputs: true,",
                "     skipDuplicateMapOutputs: true) ~> datesselect",
                "datesselect sink(allowSchemaDrift: true,",
                "     validateSchema: false,",
                "     input(",
                "          DateKey as integer,",
                "          FullDate as date,",
                "          isWeekDay as boolean,",
                "          DayOfWeek as integer,",
                "          DayOfMonth as integer,",
                "          DayOfQuarter as integer,",
                "          DayOfYear as integer,",
                "          DayName as string,",
                "          WeekOfYear as integer,",
                "          WeekName as string,",
                "          MonthOfYear as integer,",
                "          MonthName as string,",
                "          CalendarQuarter as integer,",
                "          CalendarQuarterName as string,",
                "          CalendarYear as integer,",
                "          FiscalMonth as integer,",
                "          FiscalMonthName as string,",
                "          FiscalQuarter as integer,",
                "          FiscalQuarterName as string,",
                "          FiscalYear as integer",
                "     ),",
                "     format: 'parquet',",
                "     partitionFileNames:['dates.parquet'],",
                "     umask: 0022,",
                "     preCommands: [],",
                "     postCommands: [],",
                "     skipDuplicateMapInputs: true,",
                "     skipDuplicateMapOutputs: true,",
                "     partitionBy('hash', 1)) ~> datessink"
            ]
        }
    }
}