{
    "name": "policy_dataflow",
    "properties": {
        "type": "MappingDataFlow",
        "typeProperties": {
            "sources": [
                {
                    "dataset": {
                        "referenceName": "Parquet12",
                        "type": "DatasetReference"
                    },
                    "name": "policydataflow"
                }
            ],
            "sinks": [
                {
                    "dataset": {
                        "referenceName": "cosmos_policy_parquet",
                        "type": "DatasetReference"
                    },
                    "name": "sinkpolicy",
                    "rejectedDataLinkedService": {
                        "referenceName": "challenge2",
                        "type": "LinkedServiceReference"
                    }
                }
            ],
            "transformations": [
                {
                    "name": "derivedColumn1"
                }
            ],
            "scriptLines": [
                "source(output(",
                "          CountryName as string,",
                "          CountryCode as string,",
                "          RegionName as string,",
                "          RegionCode as string,",
                "          Jurisdiction as string,",
                "          Date as timestamp,",
                "          C1_School_closing as long,",
                "          C1_Flag as double,",
                "          C2_Workplace_closing as long,",
                "          C2_Flag as double,",
                "          C3_Cancel_public_events as double,",
                "          C3_Flag as double,",
                "          C4_Restrictions_on_gatherings as double,",
                "          C4_Flag as double,",
                "          C5_Close_public_transport as double,",
                "          C5_Flag as double,",
                "          C6_Stay_at_home_requirements as double,",
                "          C6_Flag as double,",
                "          C7_Restrictions_on_internal_movement as double,",
                "          C7_Flag as double,",
                "          C8_International_travel_controls as double,",
                "          E1_Income_support as long,",
                "          E1_Flag as double,",
                "          E2_Debt_contract_relief as double,",
                "          E3_Fiscal_measures as double,",
                "          E4_International_support as double,",
                "          H1_Public_information_campaigns as double,",
                "          H1_Flag as double,",
                "          H2_Testing_policy as double,",
                "          H3_Contact_tracing as double,",
                "          H4_Emergency_investment_in_healthcare as double,",
                "          H5_Investment_in_vaccines as double,",
                "          H6_Facial_Coverings as double,",
                "          H6_Flag as double,",
                "          H7_Vaccination_policy as double,",
                "          H7_Flag as double,",
                "          H8_Protection_of_elderly_people as double,",
                "          H8_Flag as double,",
                "          M1_Wildcard as double,",
                "          StringencyIndex as double,",
                "          StringencyIndexForDisplay as double,",
                "          StringencyLegacyIndex as double,",
                "          StringencyLegacyIndexForDisplay as double,",
                "          GovernmentResponseIndex as double,",
                "          GovernmentResponseIndexForDisplay as double,",
                "          ContainmentHealthIndex as double,",
                "          ContainmentHealthIndexForDisplay as double,",
                "          EconomicSupportIndex as double,",
                "          EconomicSupportIndexForDisplay as double,",
                "          id as string,",
                "          {_rid} as string,",
                "          {_self} as string,",
                "          {_etag} as string,",
                "          {_attachments} as string,",
                "          {_ts} as long",
                "     ),",
                "     allowSchemaDrift: true,",
                "     validateSchema: false,",
                "     ignoreNoFilesFound: false,",
                "     format: 'parquet') ~> policydataflow",
                "policydataflow derive(SID = concat(toString(Date), CountryCode)) ~> derivedColumn1",
                "derivedColumn1 sink(allowSchemaDrift: true,",
                "     validateSchema: false,",
                "     format: 'parquet',",
                "     partitionFileNames:['policy.parquet'],",
                "     umask: 0022,",
                "     preCommands: [],",
                "     postCommands: [],",
                "     skipDuplicateMapInputs: true,",
                "     skipDuplicateMapOutputs: true,",
                "     partitionBy('hash', 1)) ~> sinkpolicy"
            ]
        }
    }
}