{
    "name": "challenge2_dataflows",
    "properties": {
        "activities": [
            {
                "name": "covid19metricsdataflow",
                "type": "ExecuteDataFlow",
                "dependsOn": [],
                "policy": {
                    "timeout": "0.12:00:00",
                    "retry": 0,
                    "retryIntervalInSeconds": 30,
                    "secureOutput": false,
                    "secureInput": false
                },
                "userProperties": [],
                "typeProperties": {
                    "dataflow": {
                        "referenceName": "covid19metrics_dataflow",
                        "type": "DataFlowReference"
                    },
                    "compute": {
                        "coreCount": 8,
                        "computeType": "General"
                    },
                    "traceLevel": "Fine"
                }
            },
            {
                "name": "countriesdataflow",
                "type": "ExecuteDataFlow",
                "dependsOn": [],
                "policy": {
                    "timeout": "0.12:00:00",
                    "retry": 0,
                    "retryIntervalInSeconds": 30,
                    "secureOutput": false,
                    "secureInput": false
                },
                "userProperties": [],
                "typeProperties": {
                    "dataflow": {
                        "referenceName": "countries_dataflow",
                        "type": "DataFlowReference"
                    },
                    "compute": {
                        "coreCount": 8,
                        "computeType": "General"
                    },
                    "traceLevel": "Fine"
                }
            },
            {
                "name": "datesdataflow",
                "type": "ExecuteDataFlow",
                "dependsOn": [],
                "policy": {
                    "timeout": "0.12:00:00",
                    "retry": 0,
                    "retryIntervalInSeconds": 30,
                    "secureOutput": false,
                    "secureInput": false
                },
                "userProperties": [],
                "typeProperties": {
                    "dataflow": {
                        "referenceName": "datesdataflow",
                        "type": "DataFlowReference"
                    },
                    "compute": {
                        "coreCount": 8,
                        "computeType": "General"
                    },
                    "traceLevel": "Fine"
                }
            },
            {
                "name": "policydataflow",
                "type": "ExecuteDataFlow",
                "dependsOn": [],
                "policy": {
                    "timeout": "0.12:00:00",
                    "retry": 0,
                    "retryIntervalInSeconds": 30,
                    "secureOutput": false,
                    "secureInput": false
                },
                "userProperties": [],
                "typeProperties": {
                    "dataflow": {
                        "referenceName": "policy_dataflow",
                        "type": "DataFlowReference"
                    },
                    "compute": {
                        "coreCount": 8,
                        "computeType": "General"
                    },
                    "traceLevel": "Fine"
                }
            }
        ],
        "annotations": [],
        "lastPublishTime": "2024-04-07T19:01:55Z"
    },
    "type": "Microsoft.DataFactory/factories/pipelines"
}