{
    "now": "2024-05-07T15:01:34.169Z",
    "perfNow": 50360.5,
    "diagnosticCorrelation": "aef3a39b-b4ff-4652-9bf8-381cb6e91d60",
    "source": "DownloadSupportFiles",
    "environment": {
        "productName": "adf",
        "buildVersion": "1.0.041624.12",
        "environmentType": 3,
        "resourceName": "ds310Team7Covid19",
        "resourceRegion": "eastus",
        "resourceGroup": "Team17",
        "subscriptionId": "3b608a14-90b7-42d9-82e2-77c947974137",
        "sessionId": "1ZuQ6VGz0wOBXnfaNxdnM3",
        "operationId": "",
        "gitType": "live",
        "loggingKey": "620e42ae-508d-4b5e-b2af-db16dbbbc28e"
    },
    "additionalInfo": {
        "selectedResource": "challenge2_dataflows",
        "selectedResourceType": "pipeline"
    }
}