{
    "name": "azuresql_country_copy1",
    "properties": {
        "linkedServiceName": {
            "referenceName": "AzureDataLakeStorage1",
            "type": "LinkedServiceReference"
        },
        "annotations": [],
        "type": "Parquet",
        "typeProperties": {
            "location": {
                "type": "AzureBlobFSLocation",
                "fileName": "dbo.Country.parquet",
                "fileSystem": "source3"
            },
            "compressionCodec": "snappy"
        },
        "schema": []
    },
    "type": "Microsoft.DataFactory/factories/datasets"
}