{
    "name": "cases_parquet",
    "properties": {
        "linkedServiceName": {
            "referenceName": "challenge2",
            "type": "LinkedServiceReference"
        },
        "annotations": [],
        "type": "Parquet",
        "typeProperties": {
            "location": {
                "type": "AzureBlobFSLocation",
                "fileName": "cases.parquet",
                "fileSystem": "challenge3"
            },
            "compressionCodec": "snappy"
        },
        "schema": [
            {
                "name": "CountryName",
                "type": "UTF8"
            },
            {
                "name": "CountryCode",
                "type": "UTF8"
            },
            {
                "name": "RegionName",
                "type": "UTF8"
            },
            {
                "name": "RegionCode",
                "type": "UTF8"
            },
            {
                "name": "Jurisdiction",
                "type": "UTF8"
            },
            {
                "name": "Date",
                "type": "INT96"
            },
            {
                "name": "C1_School_closing",
                "type": "INT64"
            },
            {
                "name": "C1_Flag",
                "type": "DOUBLE"
            },
            {
                "name": "C2_Workplace_closing",
                "type": "INT64"
            },
            {
                "name": "C2_Flag",
                "type": "DOUBLE"
            },
            {
                "name": "C3_Cancel_public_events",
                "type": "DOUBLE"
            },
            {
                "name": "C3_Flag",
                "type": "DOUBLE"
            },
            {
                "name": "C4_Restrictions_on_gatherings",
                "type": "DOUBLE"
            },
            {
                "name": "C4_Flag",
                "type": "DOUBLE"
            },
            {
                "name": "C5_Close_public_transport",
                "type": "DOUBLE"
            },
            {
                "name": "C5_Flag",
                "type": "DOUBLE"
            },
            {
                "name": "C6_Stay_at_home_requirements",
                "type": "DOUBLE"
            },
            {
                "name": "C6_Flag",
                "type": "DOUBLE"
            },
            {
                "name": "C7_Restrictions_on_internal_movement",
                "type": "DOUBLE"
            },
            {
                "name": "C7_Flag",
                "type": "DOUBLE"
            },
            {
                "name": "C8_International_travel_controls",
                "type": "DOUBLE"
            },
            {
                "name": "E1_Income_support",
                "type": "INT64"
            },
            {
                "name": "E1_Flag",
                "type": "DOUBLE"
            },
            {
                "name": "E2_Debt_contract_relief",
                "type": "DOUBLE"
            },
            {
                "name": "E3_Fiscal_measures",
                "type": "DOUBLE"
            },
            {
                "name": "E4_International_support",
                "type": "DOUBLE"
            },
            {
                "name": "H1_Public_information_campaigns",
                "type": "DOUBLE"
            },
            {
                "name": "H1_Flag",
                "type": "DOUBLE"
            },
            {
                "name": "H2_Testing_policy",
                "type": "DOUBLE"
            },
            {
                "name": "H3_Contact_tracing",
                "type": "DOUBLE"
            },
            {
                "name": "H4_Emergency_investment_in_healthcare",
                "type": "DOUBLE"
            },
            {
                "name": "H5_Investment_in_vaccines",
                "type": "DOUBLE"
            },
            {
                "name": "H6_Facial_Coverings",
                "type": "DOUBLE"
            },
            {
                "name": "H6_Flag",
                "type": "DOUBLE"
            },
            {
                "name": "H7_Vaccination_policy",
                "type": "DOUBLE"
            },
            {
                "name": "H7_Flag",
                "type": "DOUBLE"
            },
            {
                "name": "H8_Protection_of_elderly_people",
                "type": "DOUBLE"
            },
            {
                "name": "H8_Flag",
                "type": "DOUBLE"
            },
            {
                "name": "M1_Wildcard",
                "type": "DOUBLE"
            },
            {
                "name": "StringencyIndex",
                "type": "DOUBLE"
            },
            {
                "name": "StringencyIndexForDisplay",
                "type": "DOUBLE"
            },
            {
                "name": "StringencyLegacyIndex",
                "type": "DOUBLE"
            },
            {
                "name": "StringencyLegacyIndexForDisplay",
                "type": "DOUBLE"
            },
            {
                "name": "GovernmentResponseIndex",
                "type": "DOUBLE"
            },
            {
                "name": "GovernmentResponseIndexForDisplay",
                "type": "DOUBLE"
            },
            {
                "name": "ContainmentHealthIndex",
                "type": "DOUBLE"
            },
            {
                "name": "ContainmentHealthIndexForDisplay",
                "type": "DOUBLE"
            },
            {
                "name": "EconomicSupportIndex",
                "type": "DOUBLE"
            },
            {
                "name": "EconomicSupportIndexForDisplay",
                "type": "DOUBLE"
            },
            {
                "name": "id",
                "type": "UTF8"
            },
            {
                "name": "_rid",
                "type": "UTF8"
            },
            {
                "name": "_self",
                "type": "UTF8"
            },
            {
                "name": "_etag",
                "type": "UTF8"
            },
            {
                "name": "_attachments",
                "type": "UTF8"
            },
            {
                "name": "_ts",
                "type": "INT64"
            }
        ]
    },
    "type": "Microsoft.DataFactory/factories/datasets"
}