{
    "name": "geography_parquet",
    "properties": {
        "linkedServiceName": {
            "referenceName": "challenge2",
            "type": "LinkedServiceReference"
        },
        "annotations": [],
        "type": "Parquet",
        "typeProperties": {
            "location": {
                "type": "AzureBlobFSLocation",
                "fileName": "geography.parquet",
                "fileSystem": "challenge3"
            },
            "compressionCodec": "snappy"
        },
        "schema": []
    },
    "type": "Microsoft.DataFactory/factories/datasets"
}