{
    "name": "sqlserver_dates",
    "properties": {
        "linkedServiceName": {
            "referenceName": "AzureDataLakeStorage4",
            "type": "LinkedServiceReference"
        },
        "annotations": [],
        "type": "Parquet",
        "typeProperties": {
            "location": {
                "type": "AzureBlobFSLocation",
                "fileName": "dbo.Dates.parquet",
                "fileSystem": "source1"
            },
            "compressionCodec": "snappy"
        },
        "schema": [
            {
                "name": "Country",
                "type": "UTF8"
            },
            {
                "name": "CountryCode",
                "type": "UTF8"
            },
            {
                "name": "Latitude",
                "type": "DECIMAL",
                "precision": 10,
                "scale": 5
            },
            {
                "name": "Longitude",
                "type": "DECIMAL",
                "precision": 10,
                "scale": 5
            }
        ]
    },
    "type": "Microsoft.DataFactory/factories/datasets"
}